Mu,Sigma,Sharpe,Beta,AAPL,BAC,CCL,CSGP,F,GIS,HAS,INTC,PFE,SNAP,T,XOM
12.78,41.17,0.31,0.82,9.75,0.52,3.02,6.82,0.95,9.85,29.41,17.19,6.11,1.71,4.54,10.13
13.27,44.97,0.3,0.87,11.02,0.32,7.78,21.35,3.06,8.49,25.25,6.71,4.66,1.05,7.62,2.68
12.55,40.95,0.31,0.88,7.94,0.31,3.62,16.13,6.62,8.2,12.04,16.78,20.79,0.18,1.06,6.31
13.17,42.37,0.31,0.85,21.48,0.53,3.15,24.65,0.08,21.62,4.25,7.83,6.74,3.0,5.84,0.84
13.1,44.03,0.3,0.85,9.67,1.78,3.76,9.01,0.85,0.17,45.4,8.47,4.13,2.87,5.92,7.96
13.0,39.59,0.33,0.85,38.03,4.13,0.31,4.17,3.97,9.84,13.26,3.43,8.59,2.74,7.97,3.56
12.51,41.28,0.3,0.82,25.16,1.22,0.33,5.75,1.46,15.19,22.29,3.31,17.6,5.11,0.64,1.93
12.54,41.04,0.31,0.85,13.16,0.08,1.71,7.67,9.34,1.64,19.32,12.25,14.21,0.69,0.12,19.82
13.34,38.59,0.35,0.75,2.23,1.32,1.32,13.19,4.24,18.53,34.0,5.14,3.43,0.35,5.29,10.96
12.96,43.43,0.3,0.83,21.73,1.22,2.81,19.8,1.84,4.11,9.88,0.17,2.9,2.51,10.54,22.49
12.95,42.21,0.31,0.8,8.91,0.63,1.15,19.39,0.61,22.88,22.47,10.04,0.61,3.74,4.67,4.91
13.22,41.72,0.32,0.92,1.9,3.05,3.97,41.82,0.99,2.62,3.14,3.63,33.56,0.26,4.01,1.05
12.92,42.81,0.3,0.77,10.2,1.51,5.1,0.29,0.1,15.79,54.4,3.52,3.13,3.81,1.64,0.51
12.89,42.37,0.3,0.98,27.18,16.92,3.18,24.77,1.09,2.35,2.5,7.13,3.94,0.76,4.82,5.36
13.56,42.12,0.32,0.89,27.73,1.16,0.97,18.96,9.27,0.35,12.22,2.41,7.6,1.17,5.1,13.06
12.89,41.24,0.31,0.87,38.83,1.34,5.8,3.45,6.48,3.65,6.49,4.72,4.37,0.17,17.64,7.05
12.61,38.54,0.33,0.72,5.46,0.53,1.55,6.19,5.32,11.03,32.6,1.19,0.82,0.35,31.1,3.86
12.83,43.06,0.3,0.91,28.31,5.16,3.47,15.32,6.34,11.71,8.79,8.52,1.76,2.03,7.2,1.38
12.96,39.85,0.33,0.86,24.68,5.0,2.86,0.22,1.97,6.22,28.63,13.5,9.44,1.28,4.53,1.68
12.67,41.35,0.31,0.86,26.97,0.77,1.77,7.42,4.48,5.34,14.07,7.74,16.39,2.61,4.59,7.86
12.52,38.45,0.33,0.79,30.07,0.79,4.11,0.54,0.13,11.54,1.67,11.03,4.48,0.23,13.2,22.21
12.6,40.74,0.31,0.79,12.38,0.05,3.37,15.75,0.26,6.85,9.65,7.8,0.5,0.48,29.27,13.63
13.11,36.63,0.36,0.81,25.86,1.9,0.32,3.19,3.43,2.49,21.38,2.8,18.66,0.37,19.52,0.07
13.14,42.98,0.31,0.87,34.68,0.51,6.54,14.04,4.31,2.81,4.96,0.96,2.37,0.63,21.69,6.5
12.6,42.32,0.3,0.84,4.28,8.17,4.49,20.58,2.23,5.44,21.48,2.0,6.94,0.36,10.06,13.96
12.51,42.01,0.3,0.86,8.34,7.9,1.69,17.33,3.48,9.37,19.61,11.22,2.56,1.62,5.81,11.08
12.52,38.44,0.33,0.83,12.28,15.82,0.64,5.57,2.7,12.95,34.64,3.66,2.4,1.11,5.69,2.53
14.22,39.25,0.36,0.88,24.22,7.16,1.3,18.97,0.73,2.79,25.84,0.77,13.87,0.37,0.28,3.7
12.67,38.15,0.33,0.86,38.21,9.96,2.41,1.94,3.36,7.25,10.48,0.43,14.13,1.0,10.51,0.32
13.51,40.99,0.33,0.84,25.85,2.37,4.06,17.56,4.13,12.98,9.85,2.21,0.85,0.31,10.06,9.78
16.03,41.24,0.39,0.96,42.47,0.53,0.81,40.21,1.72,2.3,4.43,0.39,2.2,0.34,2.62,2.0
13.68,41.05,0.33,0.83,1.17,0.88,2.18,19.08,4.7,0.94,41.24,3.6,14.68,0.36,4.77,6.39
12.9,41.79,0.31,0.86,4.22,10.49,3.69,26.14,1.16,6.36,17.9,2.34,6.2,0.04,5.37,16.1
13.7,44.21,0.31,0.92,17.63,2.92,2.41,33.0,8.67,9.11,11.8,2.18,2.1,1.59,2.61,5.99
13.32,44.75,0.3,0.89,25.95,4.09,5.95,23.83,0.08,13.53,12.22,0.14,5.45,3.02,0.42,5.31
12.78,41.23,0.31,0.81,5.94,0.57,1.68,4.67,7.85,5.34,40.68,11.63,1.89,1.23,11.11,7.43
12.87,40.96,0.31,0.84,16.45,6.44,5.28,7.32,1.18,6.21,31.06,1.77,16.41,0.96,3.14,3.79
13.43,37.66,0.36,0.78,28.39,3.64,0.0,4.74,2.5,3.78,21.9,0.1,1.54,0.46,18.76,14.19
12.96,43.16,0.3,0.98,4.01,10.65,2.86,42.66,5.3,2.92,1.34,7.43,17.75,0.19,1.11,3.78
13.01,40.3,0.32,0.79,4.3,0.76,1.23,28.77,10.89,26.49,8.72,0.28,2.33,0.61,8.61,7.0
12.54,39.78,0.32,0.82,17.2,0.53,0.3,18.96,10.99,19.28,0.25,3.46,10.89,1.3,7.4,9.44
12.85,39.11,0.33,0.87,39.25,12.47,0.19,6.92,1.35,11.67,9.63,2.07,2.63,2.48,7.61,3.75
12.57,38.77,0.32,0.81,14.66,4.28,0.8,4.47,3.29,18.47,24.05,13.85,5.84,1.77,6.09,2.43
12.86,38.0,0.34,0.86,31.14,5.05,0.64,4.38,11.32,13.38,12.49,4.4,12.97,0.6,3.57,0.06
12.98,41.28,0.31,0.83,9.44,4.3,0.81,25.99,7.4,21.33,11.76,2.98,4.01,1.76,0.21,10.0
12.93,42.34,0.31,0.95,3.81,0.32,3.91,16.85,0.36,4.05,21.19,38.98,9.3,0.74,0.04,0.45
13.85,41.7,0.33,0.89,34.93,2.24,1.32,9.64,5.72,5.02,22.57,7.7,0.61,1.92,2.96,5.36
13.41,42.81,0.31,0.84,4.36,0.2,2.99,27.59,5.48,9.67,19.46,7.88,1.38,0.58,8.59,11.82
13.22,40.57,0.33,0.89,41.72,5.3,3.98,5.44,1.25,11.9,4.66,12.32,1.7,1.33,1.12,9.27
12.63,38.05,0.33,0.76,19.66,0.8,2.09,8.44,4.25,15.72,12.48,0.24,11.31,0.73,21.57,2.72
13.45,39.44,0.34,0.86,51.46,4.63,0.01,3.02,2.51,3.2,5.27,0.55,0.64,2.52,4.95,21.24
13.45,43.78,0.31,0.83,19.09,1.58,4.59,7.73,4.69,8.47,44.18,0.58,0.17,2.73,4.43,1.76
12.99,42.94,0.3,0.92,20.21,4.68,3.7,20.62,0.71,3.77,9.22,12.22,12.76,1.64,0.81,9.65
12.63,42.2,0.3,0.91,41.87,4.02,2.52,6.38,7.86,1.26,2.66,4.46,6.43,2.14,10.21,10.19
12.76,41.35,0.31,0.82,31.95,0.49,3.31,9.28,0.03,6.98,7.35,1.91,9.7,2.55,15.8,10.65
12.97,43.65,0.3,0.87,12.92,1.53,0.64,21.97,0.35,4.14,23.15,8.63,6.85,3.82,15.5,0.49
12.89,37.43,0.34,0.82,3.72,16.43,0.19,25.67,3.18,26.93,16.75,1.81,1.57,0.05,3.02,0.68
13.7,40.64,0.34,0.9,28.55,0.26,2.28,22.6,1.48,2.67,0.73,7.8,16.83,0.68,3.46,12.66
12.81,41.24,0.31,0.86,0.57,4.09,0.33,17.7,0.92,0.39,32.67,13.29,13.95,1.87,10.08,4.14
13.02,41.07,0.32,0.86,18.93,0.18,1.09,22.8,7.13,9.65,4.9,4.8,14.75,1.42,9.33,5.01
13.68,45.36,0.3,0.94,13.76,4.19,7.86,32.45,2.95,9.18,13.34,9.23,0.58,0.22,2.02,4.22
12.84,42.86,0.3,0.84,14.47,2.84,4.07,14.28,4.28,7.93,24.85,2.59,11.37,1.95,4.27,7.1
12.83,42.97,0.3,0.98,10.16,11.42,2.52,33.49,3.06,3.47,1.01,19.0,0.51,0.07,10.52,4.78
13.04,43.17,0.3,0.92,2.1,15.49,2.91,24.42,3.77,1.94,38.31,2.69,3.8,0.93,3.65,0.0
13.62,41.61,0.33,0.88,32.85,3.28,2.98,19.23,3.39,2.37,9.19,0.56,1.79,0.87,21.24,2.24
12.91,42.07,0.31,0.88,7.58,2.9,0.02,27.68,0.82,3.64,10.14,12.53,12.15,2.13,6.47,13.95
12.87,43.45,0.3,0.87,8.66,4.54,2.89,25.89,0.68,3.03,18.68,1.91,16.48,2.41,4.29,10.54
12.86,37.65,0.34,0.87,39.31,14.52,3.24,5.68,1.9,22.79,3.13,5.51,0.84,0.55,1.16,1.38
13.84,43.26,0.32,0.88,14.22,0.88,4.65,25.38,3.92,8.33,19.88,8.32,1.66,0.43,4.59,7.74
13.56,38.69,0.35,0.83,6.87,8.4,0.32,8.09,5.2,0.62,50.6,2.39,8.45,0.11,3.49,5.46
12.8,41.73,0.31,0.91,36.47,1.43,1.76,1.7,2.92,3.46,7.9,23.58,1.44,2.33,1.92,15.09
12.41,39.24,0.32,0.84,14.48,11.08,2.08,10.13,0.64,6.94,23.51,0.59,18.5,1.3,8.4,2.35
12.75,36.71,0.35,0.78,4.98,1.25,0.4,7.16,1.03,6.26,31.2,5.2,34.84,1.06,0.21,6.4
12.71,41.18,0.31,0.83,8.26,0.04,0.94,23.87,3.2,4.65,2.17,9.58,11.48,1.04,1.76,33.0
12.74,40.33,0.32,0.87,17.05,3.76,1.09,15.48,8.43,5.36,9.69,8.55,15.83,0.5,1.33,12.92
14.86,40.4,0.37,0.88,42.35,0.07,2.96,18.78,0.55,0.54,10.78,0.15,5.67,0.29,2.89,14.99
12.98,38.47,0.34,0.79,5.44,9.75,1.34,13.38,5.36,23.84,33.13,1.48,3.05,0.73,1.67,0.83
12.5,40.49,0.31,0.81,13.8,7.56,4.18,11.61,5.12,13.47,18.72,0.95,2.06,0.12,15.69,6.73
12.76,40.63,0.31,0.92,17.31,6.53,1.63,14.61,3.99,11.06,8.7,25.91,3.62,0.65,1.41,4.57
13.47,42.39,0.32,0.84,15.03,0.36,2.83,25.3,1.82,1.55,7.6,6.22,1.46,0.47,4.95,32.42
12.7,38.83,0.33,0.72,22.26,0.41,1.77,3.67,1.08,34.2,18.7,3.17,2.56,3.51,2.06,6.61
13.06,39.54,0.33,0.92,27.52,3.88,0.33,8.15,1.0,2.38,11.73,23.18,13.28,1.38,3.48,3.69
12.67,42.91,0.3,0.91,31.45,0.38,2.12,2.86,3.28,7.97,16.27,22.78,3.33,3.55,4.59,1.41
13.1,41.15,0.32,0.91,31.75,0.63,2.09,11.89,11.0,3.34,5.86,8.76,11.62,0.56,6.28,6.23
13.95,40.32,0.35,0.84,1.9,1.4,2.18,20.55,4.39,5.59,41.48,5.19,15.67,0.19,0.8,0.66
12.55,42.35,0.3,0.85,28.85,2.99,0.77,12.2,2.82,5.69,7.72,3.5,4.29,3.44,11.44,16.29
12.53,38.15,0.33,0.88,16.23,16.29,0.36,13.39,3.13,5.19,18.39,2.9,14.46,0.22,6.76,2.68
12.62,37.39,0.34,0.8,21.7,3.23,2.21,1.31,3.07,19.3,14.57,13.47,7.85,0.52,7.93,4.84
12.78,39.49,0.32,0.79,2.95,4.03,0.4,9.84,5.84,20.54,34.91,12.78,0.83,1.63,4.88,1.38
12.48,40.28,0.31,0.79,12.07,0.33,1.42,20.73,2.17,16.92,3.18,3.84,12.23,1.98,13.8,11.33
12.74,41.56,0.31,0.84,16.57,7.36,5.93,3.09,7.69,11.73,35.23,2.78,5.63,0.44,1.39,2.17
13.33,43.67,0.31,0.93,27.61,2.58,2.11,28.07,8.79,1.24,0.99,2.46,4.89,1.38,12.66,7.21
12.96,42.13,0.31,0.89,23.24,3.16,3.34,14.78,15.92,16.3,12.63,6.09,1.09,0.4,2.89,0.17
13.11,41.69,0.31,0.81,4.51,2.98,2.77,0.89,0.68,4.22,57.92,12.58,1.34,2.45,2.03,7.64
13.48,39.96,0.34,0.92,52.63,3.64,0.15,1.79,6.71,0.76,8.28,7.5,6.25,2.17,7.23,2.89
14.3,42.28,0.34,0.91,13.64,5.96,1.87,28.24,0.31,0.3,29.87,6.09,6.57,0.87,1.3,4.99
12.56,41.25,0.3,0.83,21.57,2.99,3.07,0.64,1.45,11.19,25.65,15.47,0.67,2.32,9.22,5.74
13.73,39.09,0.35,0.84,34.0,3.09,1.2,16.33,0.98,15.73,5.06,3.2,7.66,1.56,1.61,9.58
12.45,41.61,0.3,0.86,19.26,1.47,1.74,14.19,7.68,12.83,10.5,6.89,18.93,2.57,0.09,3.86
14.34,39.42,0.36,0.91,35.06,6.57,0.96,20.9,1.78,5.41,12.41,2.7,6.35,0.43,6.09,1.35
13.57,39.84,0.34,0.84,17.38,5.6,0.29,24.32,0.42,15.81,14.71,3.91,5.6,1.66,7.81,2.5
12.56,41.01,0.31,0.89,10.01,4.03,0.1,20.5,10.56,7.68,9.1,17.1,2.95,0.34,15.84,1.78
13.0,40.5,0.32,0.81,0.93,0.28,0.38,11.68,13.33,5.78,42.29,1.44,15.02,0.89,3.03,4.95
12.5,41.43,0.3,0.85,29.18,1.51,1.16,1.17,1.99,8.83,17.28,15.06,6.32,3.55,5.53,8.42
13.43,44.16,0.3,0.93,20.01,6.74,0.75,32.71,4.93,9.67,12.23,1.74,5.36,3.29,1.85,0.73
13.48,40.24,0.34,0.81,0.21,2.03,1.68,17.63,7.83,15.63,35.27,9.27,1.27,0.07,0.09,9.03
12.76,41.12,0.31,0.84,12.93,5.33,4.45,0.26,8.09,8.58,41.01,10.77,3.32,0.46,4.71,0.09
12.64,41.72,0.3,0.82,19.72,1.26,2.98,3.82,1.78,5.82,29.12,7.21,6.0,2.53,16.95,2.79
13.71,40.92,0.34,0.87,0.05,3.2,1.11,26.39,1.12,4.7,30.78,14.36,4.14,0.32,12.18,1.66
14.61,47.85,0.31,1.02,0.11,2.15,0.28,70.91,0.42,4.1,5.61,6.66,1.52,4.11,0.55,3.58
12.66,41.24,0.31,0.8,22.23,1.31,1.85,0.47,3.34,2.48,32.89,0.19,14.35,3.07,6.49,11.31
14.28,38.48,0.37,0.89,37.67,10.07,1.33,4.74,2.06,0.49,33.51,2.12,3.53,0.29,1.95,2.23
13.8,41.34,0.33,0.85,7.69,6.26,3.88,37.16,0.31,18.61,11.61,0.15,1.99,0.2,9.32,2.81
13.7,40.0,0.34,0.78,6.84,3.13,1.56,14.84,1.11,2.6,37.42,1.47,3.77,0.29,6.57,20.42
12.54,39.37,0.32,0.81,29.83,9.2,1.67,4.51,0.29,13.33,11.63,1.97,2.55,2.11,4.44,18.47
12.69,36.49,0.35,0.72,11.32,2.34,1.14,16.79,1.72,37.97,1.95,4.93,6.37,1.09,2.29,12.09
13.21,44.1,0.3,0.91,5.44,2.65,0.77,43.16,5.1,1.59,2.05,3.68,10.94,1.81,7.71,15.1
12.71,41.94,0.3,0.88,31.65,2.13,3.78,10.3,5.18,5.09,2.65,6.59,11.8,1.5,1.39,17.93
12.46,40.73,0.31,0.81,20.25,0.45,4.28,5.31,10.03,11.47,15.78,2.56,12.34,0.52,7.48,9.54
13.15,41.51,0.32,0.79,3.02,3.82,0.57,15.35,4.32,17.85,41.57,3.53,0.87,2.9,1.6,4.59
12.97,41.53,0.31,0.89,2.5,8.74,2.36,28.76,2.41,12.92,18.62,8.44,12.96,1.07,0.19,1.03
12.87,42.83,0.3,0.94,38.55,4.8,2.66,9.46,3.89,0.55,6.25,12.74,2.11,2.21,13.47,3.3
13.75,45.34,0.3,0.89,18.76,0.96,10.14,24.21,2.59,15.33,20.43,3.71,1.3,0.7,0.84,1.03
12.55,42.32,0.3,0.88,21.07,4.58,3.21,20.8,0.35,6.61,1.49,6.1,15.23,2.17,6.08,12.3
12.44,41.76,0.3,0.94,29.0,1.08,0.15,5.25,31.13,2.14,14.26,5.63,7.59,0.01,2.44,1.32
12.46,41.32,0.3,0.96,7.77,14.8,1.49,29.09,1.88,4.59,4.92,16.12,7.65,0.28,9.68,1.74
13.14,39.1,0.34,0.93,37.58,4.27,1.03,5.84,1.56,6.28,1.5,25.21,7.86,0.94,1.51,6.44
13.14,40.61,0.32,0.79,9.48,0.83,1.92,13.17,0.65,7.32,32.35,2.85,8.52,1.72,16.82,4.38
12.61,40.64,0.31,0.8,28.95,4.29,2.62,2.52,4.55,14.13,17.7,1.37,2.88,2.31,6.25,12.42
13.06,41.46,0.31,0.83,6.07,1.46,2.68,12.94,0.16,12.22,33.43,15.64,6.68,2.05,5.39,1.29
12.85,39.07,0.33,0.85,3.32,5.35,0.23,13.33,8.17,5.46,30.0,11.5,16.67,0.04,1.52,4.41
12.65,42.02,0.3,0.94,9.32,10.37,3.32,32.0,3.59,6.34,1.15,7.61,18.3,0.35,0.03,7.64
12.75,42.84,0.3,0.86,24.86,0.97,1.88,20.88,3.57,16.49,1.6,6.41,8.07,3.53,4.57,7.17
13.66,44.46,0.31,0.91,8.77,3.5,2.35,28.72,4.52,2.88,29.08,6.68,4.27,1.97,4.57,2.69
13.11,37.38,0.35,0.84,23.27,7.96,0.31,4.45,0.36,1.14,25.14,7.34,13.56,0.45,11.1,4.93
12.75,41.45,0.31,0.87,8.98,7.69,1.36,28.59,2.3,15.53,5.69,7.27,6.66,1.6,3.59,10.75
12.93,43.66,0.3,0.94,4.85,9.66,3.24,40.32,1.7,0.74,1.63,5.51,10.49,0.52,4.93,16.42
12.84,38.05,0.34,0.78,9.11,9.63,2.25,18.43,0.11,25.99,16.8,1.37,3.67,0.59,10.71,1.36
12.51,38.38,0.33,0.82,28.7,10.2,0.55,2.02,0.34,15.51,18.17,3.35,8.05,2.58,4.03,6.49
12.49,40.53,0.31,0.88,27.61,6.81,3.56,5.57,4.2,10.33,6.66,14.98,3.4,0.63,3.53,12.73
12.64,35.53,0.36,0.75,25.92,4.59,0.13,4.96,5.46,34.7,7.51,0.9,10.26,1.68,1.14,2.77
12.69,42.32,0.3,0.92,29.38,11.1,2.81,5.66,10.6,2.24,20.75,5.49,0.09,0.87,0.84,10.16
12.99,43.77,0.3,0.91,5.49,5.68,3.6,39.4,8.54,11.86,3.52,3.17,1.76,0.4,14.03,2.56
12.57,40.73,0.31,0.89,17.76,0.69,3.05,12.54,3.53,4.17,1.67,22.2,13.26,0.2,0.92,20.01
12.58,40.45,0.31,0.84,12.85,2.67,2.12,9.27,2.93,1.53,20.76,13.28,7.59,0.62,19.69,6.7
12.48,41.67,0.3,0.9,34.48,4.12,8.95,4.87,2.58,4.1,4.47,6.61,19.13,0.04,9.27,1.38
12.52,40.5,0.31,0.8,30.54,1.39,6.93,1.16,0.85,17.44,6.72,7.25,7.83,1.06,1.56,17.27
13.31,44.56,0.3,0.91,0.26,0.77,6.0,34.63,0.77,3.07,14.15,16.94,2.4,0.02,15.22,5.77
12.55,41.85,0.3,0.9,10.24,3.24,4.17,9.38,5.08,5.65,20.07,25.13,4.86,0.13,4.4,7.67
12.57,41.49,0.3,0.87,36.36,2.95,1.33,1.8,6.06,10.05,12.27,8.51,7.95,3.37,0.36,8.97
12.62,36.41,0.35,0.7,10.21,1.08,0.66,8.89,3.24,22.1,18.01,1.88,1.16,0.33,30.55,1.9
12.67,41.57,0.3,0.84,18.31,0.7,0.08,1.2,14.93,0.71,36.42,4.9,7.55,1.92,7.74,5.56
13.13,42.84,0.31,0.88,16.68,4.41,5.57,29.86,1.16,6.67,2.45,0.0,13.06,0.57,7.24,12.33
12.6,41.56,0.3,0.91,28.58,9.88,1.16,17.46,2.2,4.17,4.51,6.55,5.0,2.1,17.31,1.08
12.63,38.71,0.33,0.81,27.73,4.58,2.98,12.3,0.67,17.95,1.99,0.45,16.4,1.57,10.86,2.52
12.77,40.3,0.32,0.83,34.28,2.1,4.78,6.59,1.85,0.4,6.37,2.78,2.19,0.25,33.87,4.55
13.55,42.35,0.32,0.89,29.01,2.57,4.73,11.76,0.8,2.01,20.57,9.3,4.45,1.07,11.4,2.32
13.87,40.01,0.35,0.88,33.12,2.86,2.42,12.56,3.7,2.31,15.09,6.38,5.81,0.09,11.29,4.37
12.65,38.66,0.33,0.84,11.72,6.1,1.47,21.81,6.69,17.0,6.73,0.5,22.65,0.5,2.84,1.97
13.5,44.45,0.3,0.91,30.6,3.32,5.45,15.31,1.98,1.15,18.28,5.62,3.83,1.92,2.13,10.42
14.89,44.55,0.33,0.97,11.53,0.01,0.13,55.68,0.19,0.34,2.91,8.49,4.55,1.84,0.02,14.32
12.47,38.55,0.32,0.87,28.73,8.42,1.76,7.42,2.9,11.68,0.7,13.26,6.53,0.45,7.39,10.77
13.45,39.66,0.34,0.94,41.44,15.42,2.42,15.43,1.6,1.86,3.99,0.26,3.97,0.14,5.54,7.93
13.45,39.51,0.34,0.85,30.2,3.89,2.15,14.23,2.18,8.02,11.25,2.3,5.49,0.7,18.16,1.44
12.6,42.02,0.3,0.76,12.65,1.01,3.94,3.14,2.34,3.91,29.34,3.34,0.47,1.62,0.56,37.69
12.5,41.67,0.3,0.81,15.31,3.43,1.27,17.23,1.2,1.18,9.9,2.08,1.8,1.68,21.74,23.2
13.31,40.98,0.32,0.83,32.59,2.22,5.74,8.49,4.8,17.49,13.16,0.85,3.36,0.84,3.76,6.7
12.52,37.51,0.33,0.8,19.4,9.27,0.69,11.79,6.03,20.22,10.12,0.61,6.76,0.52,12.76,1.82
12.7,41.71,0.3,0.82,6.56,0.86,4.76,8.06,1.0,5.75,35.12,9.68,12.71,1.38,11.41,2.72
12.87,41.84,0.31,0.85,27.68,0.07,1.71,11.89,8.29,2.24,10.85,0.84,10.43,1.77,10.71,13.52
13.87,41.78,0.33,0.86,29.05,0.16,6.23,7.35,2.42,1.33,31.91,0.03,14.3,0.76,3.54,2.92
13.94,40.36,0.35,0.82,13.17,0.14,0.81,5.28,1.86,1.2,53.25,9.46,1.4,1.75,11.29,0.4
12.88,40.59,0.32,0.93,57.21,10.79,3.07,0.32,2.07,1.61,1.4,2.2,7.01,2.47,3.55,8.27
13.08,40.86,0.32,0.88,20.06,2.57,5.33,11.33,0.36,4.96,14.31,15.03,15.27,0.03,1.33,9.41
12.54,41.94,0.3,0.94,3.08,16.84,0.08,36.27,0.5,0.6,8.77,5.11,14.3,1.34,4.13,8.98
13.0,38.92,0.33,0.84,20.08,4.12,1.45,14.24,4.81,17.18,6.91,13.27,1.16,0.15,10.0,6.63
12.71,40.12,0.32,0.83,29.39,3.57,7.08,4.65,0.08,3.57,13.35,0.63,16.47,0.06,18.82,2.32
14.14,44.0,0.32,0.93,17.62,1.57,5.9,38.58,1.95,2.99,5.97,1.82,9.88,0.06,4.95,8.7
13.71,40.9,0.34,0.85,12.28,1.2,1.01,12.87,11.36,7.62,37.66,7.79,2.45,0.44,3.68,1.66
13.63,44.79,0.3,0.93,10.31,1.49,0.73,43.52,7.02,3.36,4.24,3.93,5.85,2.04,4.23,13.28
13.42,44.26,0.3,0.96,10.83,3.71,2.72,39.77,7.62,8.53,4.23,8.61,10.2,1.28,1.16,1.34
13.96,45.68,0.31,0.95,26.75,0.56,5.06,34.13,3.68,6.06,6.11,4.6,2.01,2.04,7.38,1.63
12.49,39.15,0.32,0.8,21.65,6.28,1.16,1.66,1.11,1.85,19.46,4.43,8.47,1.27,4.91,27.75
13.25,44.19,0.3,0.83,9.27,1.72,9.29,18.76,1.14,16.1,28.78,1.66,4.7,0.91,1.32,6.35
13.05,43.98,0.3,0.85,14.28,2.46,5.99,21.11,1.83,9.63,16.68,3.77,1.12,1.31,8.63,13.18
12.78,41.82,0.31,0.92,29.62,6.77,1.49,18.08,17.29,3.58,3.44,0.02,2.2,0.01,15.25,2.25
13.04,38.9,0.34,0.89,30.71,12.45,0.43,14.24,0.17,11.82,6.97,7.7,2.78,1.3,8.38,3.06
12.63,40.07,0.32,0.85,23.93,2.32,1.49,4.44,0.95,7.23,17.94,10.93,18.75,2.59,0.86,8.56
13.77,40.29,0.34,0.87,4.42,2.16,1.27,40.08,5.98,15.58,6.83,3.33,15.37,0.01,4.35,0.61
12.9,42.87,0.3,0.86,32.11,3.54,0.28,15.26,3.14,11.32,9.27,2.79,0.71,4.27,7.61,9.7
13.18,38.23,0.34,0.83,29.27,2.4,2.56,10.64,0.22,21.3,0.52,14.62,3.02,0.61,5.26,9.59
12.66,38.73,0.33,0.89,31.74,7.37,0.47,7.5,9.5,13.08,4.19,10.01,10.43,0.82,0.81,4.08
12.74,41.46,0.31,0.89,31.21,1.15,2.12,1.64,14.31,8.1,13.06,15.09,0.75,0.81,0.56,11.2
14.11,41.73,0.34,0.92,5.34,2.0,0.11,31.11,5.48,3.53,24.97,16.42,5.66,0.33,2.06,2.99
13.17,40.51,0.33,0.88,14.68,0.55,2.55,21.49,5.04,13.8,6.59,16.15,14.93,0.47,0.09,3.67
12.66,42.32,0.3,0.89,9.37,12.99,1.96,28.81,4.17,3.18,8.8,0.53,5.86,0.58,2.91,20.84
13.51,42.09,0.32,0.92,41.03,1.55,6.57,7.58,1.58,1.72,3.48,14.14,2.99,0.02,1.7,17.63
13.37,44.38,0.3,0.95,12.73,10.63,3.69,41.65,0.35,8.88,4.77,4.1,2.37,1.63,7.61,1.57
13.74,45.08,0.3,0.97,4.2,5.9,0.86,49.09,4.64,2.61,11.28,4.0,10.6,2.26,1.07,3.5
13.12,39.39,0.33,0.92,19.63,14.84,0.3,28.85,3.01,12.71,3.52,1.97,11.24,0.7,1.65,1.59
12.96,42.62,0.3,0.93,21.43,17.79,1.05,12.66,2.79,2.29,36.78,1.09,0.02,2.74,1.1,0.27
12.61,42.61,0.3,0.81,6.43,1.82,4.69,27.73,3.38,11.29,0.92,2.07,1.95,0.31,10.92,28.47
12.56,38.88,0.32,0.8,7.44,8.49,0.59,14.77,4.48,12.72,20.28,3.18,4.32,0.38,14.2,9.15
14.64,41.3,0.35,0.85,8.53,0.62,1.64,27.23,4.06,4.98,35.87,3.45,3.91,0.12,2.71,6.89
13.9,39.03,0.36,0.78,6.1,3.86,1.59,26.22,2.28,24.2,23.88,0.04,2.65,0.45,1.39,7.32
12.47,41.09,0.3,0.89,16.92,8.2,1.43,12.65,0.59,0.21,16.84,10.16,18.6,1.95,1.51,10.95
13.03,41.11,0.32,0.95,30.08,6.57,0.2,6.5,7.56,3.81,16.56,22.22,1.15,1.4,1.54,2.4
12.58,38.37,0.33,0.71,9.71,3.02,6.51,0.13,1.35,34.05,31.95,4.08,0.73,0.66,7.77,0.03
12.95,41.35,0.31,0.86,47.45,6.67,10.16,2.6,0.02,19.63,0.36,0.3,0.35,0.73,0.69,11.04
13.19,38.18,0.35,0.8,18.29,3.51,0.55,21.26,9.56,29.41,2.62,2.64,2.17,0.38,2.27,7.34
12.76,42.83,0.3,0.87,1.98,3.46,1.39,13.24,2.33,4.35,35.43,22.0,1.69,2.31,2.15,9.67
12.53,37.54,0.33,0.83,16.81,5.36,0.08,2.71,3.91,15.08,14.4,23.48,1.03,0.39,3.29,13.47
13.34,38.65,0.35,0.84,18.7,3.51,0.86,11.11,0.74,18.5,17.83,19.49,3.03,1.09,0.77,4.38
12.92,41.47,0.31,0.88,8.9,8.49,3.43,24.85,1.76,11.08,15.23,6.26,11.65,0.73,4.52,3.1
12.77,40.24,0.32,0.83,38.29,2.06,7.39,0.82,0.3,15.62,3.15,7.36,6.23,0.68,5.18,12.93
12.9,43.43,0.3,0.82,4.89,0.38,2.52,11.72,2.35,6.53,41.93,7.04,6.99,3.28,4.55,7.82
12.76,40.16,0.32,0.86,12.37,16.37,0.79,6.95,1.51,6.16,43.09,3.35,2.97,1.89,2.01,2.54
12.94,41.31,0.31,0.87,4.53,5.18,2.66,32.83,1.0,6.12,9.04,2.97,17.14,0.63,16.08,1.84
13.31,43.28,0.31,0.87,4.1,1.85,7.08,39.37,3.1,24.81,1.81,7.82,3.59,0.2,5.79,0.48
13.63,44.48,0.31,0.94,26.69,3.51,1.44,21.19,2.23,0.81,19.51,10.27,3.48,3.24,0.51,7.12
12.56,39.26,0.32,0.83,14.92,7.35,4.26,19.14,0.67,14.19,3.73,0.72,19.24,0.12,5.68,9.98
13.33,39.98,0.33,0.93,20.86,13.72,0.74,27.62,0.31,5.0,6.17,7.39,5.02,0.24,11.73,1.2
13.17,39.74,0.33,0.82,18.48,3.08,2.9,4.0,0.71,9.24,29.39,12.86,4.87,0.93,5.46,8.07
13.64,44.5,0.31,0.93,20.82,1.83,0.51,32.32,5.03,3.89,8.78,6.85,4.55,2.92,1.27,11.23
12.58,41.05,0.31,0.82,5.19,2.94,3.86,19.85,2.45,14.42,17.94,4.74,15.73,1.16,11.55,0.17
12.51,41.54,0.3,0.95,13.64,0.55,1.65,10.35,3.75,1.32,9.11,42.33,2.62,0.69,5.27,8.7
12.82,42.32,0.3,0.92,26.26,3.91,3.01,13.11,4.47,5.36,12.88,10.12,15.6,2.12,3.04,0.14
12.76,41.53,0.31,0.9,19.63,4.98,1.24,14.02,13.01,3.71,16.59,5.66,11.62,0.7,4.37,4.46
13.39,41.25,0.32,0.89,29.27,7.13,3.96,13.45,1.6,1.14,17.51,0.28,11.2,0.77,5.19,8.5
12.5,39.75,0.31,0.79,23.69,3.52,4.61,1.3,1.56,1.99,13.25,2.59,9.48,0.09,4.41,33.53
12.46,39.32,0.32,0.81,22.19,1.86,4.08,6.45,3.92,18.28,6.02,12.04,3.6,0.31,14.92,6.34
13.55,42.79,0.32,0.92,9.81,0.19,1.42,37.25,5.46,11.14,2.26,15.35,5.8,1.04,5.91,4.36
12.8,41.17,0.31,0.94,28.51,11.76,2.02,14.27,9.15,4.79,8.92,7.63,6.0,0.35,3.82,2.77
12.83,43.2,0.3,0.85,14.51,3.84,3.94,19.41,11.35,14.97,14.72,1.78,0.0,0.92,0.77,13.77
13.94,41.38,0.34,0.89,16.91,1.34,0.88,8.38,1.76,1.01,42.94,19.97,1.73,1.77,1.41,1.9
12.79,40.04,0.32,0.82,18.28,0.5,2.92,15.1,7.95,17.82,7.41,4.81,14.86,0.79,2.19,7.38
12.85,41.77,0.31,0.93,53.56,9.31,0.3,4.3,0.03,1.99,4.95,4.37,5.74,4.65,5.31,5.48
12.47,39.56,0.32,0.81,4.87,4.62,0.31,11.96,7.68,12.75,27.97,4.61,15.9,1.47,4.4,3.45
12.64,40.63,0.31,0.85,24.79,1.02,0.18,9.52,1.66,0.61,12.67,13.55,2.66,2.18,30.52,0.64
13.02,38.07,0.34,0.75,14.08,2.72,2.05,15.93,0.72,32.74,12.18,2.75,6.37,1.61,2.75,6.1
15.42,43.02,0.36,0.96,34.49,0.7,3.28,35.6,1.42,1.81,12.71,2.41,4.5,0.63,0.47,1.97
12.45,39.49,0.32,0.77,2.55,7.15,1.85,21.21,7.41,26.09,10.26,1.09,1.03,0.32,0.41,20.63
12.86,41.24,0.31,0.93,26.05,3.57,0.75,14.49,12.33,3.28,4.56,15.02,8.41,0.38,4.19,6.97
13.16,36.94,0.36,0.78,16.12,6.19,0.26,2.3,5.73,15.76,33.99,2.96,7.13,0.52,0.48,8.55
12.72,41.14,0.31,0.91,7.03,7.52,0.19,22.63,7.13,4.46,15.51,16.04,4.3,0.4,14.12,0.69
12.82,40.93,0.31,0.99,30.73,0.62,0.9,7.48,8.29,0.12,2.06,35.45,11.66,0.74,0.73,1.21
13.42,40.53,0.33,0.89,36.18,2.71,5.13,8.66,4.19,13.44,6.98,11.18,4.82,0.24,3.1,3.38
12.81,40.21,0.32,0.85,4.98,10.18,2.31,30.96,2.01,17.78,5.7,5.86,4.11,0.1,10.98,5.03
13.56,40.61,0.33,0.93,42.56,6.27,5.0,14.19,0.63,5.46,2.57,3.59,16.52,0.84,2.38,0.02
13.79,39.07,0.35,0.83,21.89,1.8,2.44,5.16,2.1,5.0,33.33,10.93,3.4,0.05,10.81,3.08
14.6,44.52,0.33,0.96,4.81,2.61,0.26,57.13,0.87,3.86,6.97,7.54,2.32,1.77,5.01,6.84
12.73,41.58,0.31,0.92,19.24,11.27,4.24,21.76,4.89,14.33,5.76,7.95,6.49,0.36,3.26,0.45
13.54,45.84,0.3,0.85,6.02,0.12,6.07,17.82,3.43,4.99,46.4,3.42,1.07,2.48,1.3,6.85
12.95,42.35,0.31,1.0,33.2,17.47,1.65,21.41,0.97,0.74,4.0,8.63,3.59,1.7,2.16,4.48
12.59,41.47,0.3,0.89,26.96,1.29,0.8,5.69,24.86,11.8,15.37,6.72,1.38,0.56,2.15,2.42
12.8,40.16,0.32,0.83,12.94,5.92,0.7,11.24,3.94,5.13,25.75,6.92,6.93,1.15,12.15,7.25
13.32,44.43,0.3,0.89,15.61,0.96,5.76,11.23,0.36,0.05,35.86,14.21,2.02,1.81,9.01,3.1
13.2,40.87,0.32,0.85,37.72,2.57,4.56,7.62,3.13,10.22,10.72,0.87,4.36,1.37,15.43,1.42
13.52,43.39,0.31,0.98,56.31,4.4,6.9,2.21,4.2,1.42,5.21,13.59,0.68,1.3,0.42,3.37
12.8,41.79,0.31,0.78,5.96,0.27,1.52,24.78,5.34,23.32,12.71,3.21,0.7,2.27,8.8,11.1
13.06,40.85,0.32,0.87,16.55,4.87,1.21,15.28,2.08,9.17,18.06,13.52,8.95,1.63,0.48,8.21
12.98,41.65,0.31,0.86,30.76,0.71,3.55,8.26,2.52,5.54,9.8,8.83,9.84,1.76,3.68,14.75
13.52,41.46,0.33,0.96,41.08,5.02,4.47,14.35,0.42,0.86,0.79,11.86,13.36,0.78,2.01,5.0
13.13,40.49,0.32,0.87,34.56,1.78,1.97,9.38,1.61,4.48,5.92,11.9,1.49,1.32,19.21,6.37
12.91,37.67,0.34,0.89,27.85,10.66,1.69,8.0,2.0,16.47,8.01,16.14,6.28,0.17,1.45,1.27
12.62,40.57,0.31,0.88,11.22,0.97,0.26,16.64,6.41,3.15,9.34,20.35,9.94,0.59,12.72,8.42
13.32,39.84,0.33,0.78,12.32,0.53,3.55,12.66,2.53,16.14,27.15,3.7,7.13,0.68,10.69,2.92
13.0,42.36,0.31,0.84,7.8,1.43,3.9,24.17,10.16,10.52,14.92,0.57,9.75,0.07,4.9,11.8
13.62,39.8,0.34,0.96,48.0,10.51,0.11,10.26,3.91,2.37,6.81,7.04,5.93,1.62,2.86,0.59
12.76,43.21,0.3,1.03,17.36,1.92,0.44,21.47,3.85,0.56,0.92,43.76,3.44,1.77,4.43,0.09
12.98,40.05,0.32,0.87,16.19,0.31,1.63,20.08,3.17,13.23,3.83,15.73,16.74,1.08,2.66,5.35
13.56,42.54,0.32,0.93,31.25,0.26,2.82,15.05,11.98,4.15,9.72,12.27,1.55,0.25,4.5,6.21
13.23,41.16,0.32,0.83,21.23,4.55,3.9,7.83,5.31,6.72,30.17,0.59,1.02,0.6,13.36,4.73
13.54,44.37,0.31,0.91,37.27,1.27,10.27,17.67,1.24,5.82,1.31,3.29,1.59,0.09,6.15,14.04
12.95,39.87,0.32,0.92,51.04,10.95,3.47,2.27,0.01,8.35,2.55,6.23,5.22,1.95,4.57,3.39
12.85,42.41,0.3,0.9,27.98,0.58,0.31,14.14,5.8,0.55,2.64,15.57,5.3,2.19,2.9,22.06
12.56,38.4,0.33,0.9,26.38,19.74,0.2,6.33,4.86,5.27,23.22,1.33,9.09,0.84,2.36,0.38
13.52,40.83,0.33,0.87,17.5,0.69,0.92,22.98,7.15,6.29,10.13,8.98,3.8,0.13,12.44,8.99
12.57,42.33,0.3,0.87,12.85,4.26,1.82,12.48,13.47,2.16,21.95,5.49,6.52,0.5,4.86,13.64
12.8,40.48,0.32,0.84,29.94,1.22,8.96,4.6,1.07,23.74,5.84,12.59,8.77,0.22,2.34,0.72
12.73,42.1,0.3,0.86,8.0,1.23,7.84,15.24,0.72,6.32,20.99,8.91,24.85,0.18,1.8,3.92
13.7,43.12,0.32,0.96,1.64,0.54,0.65,45.98,5.39,4.82,3.92,17.67,11.63,0.79,6.81,0.16
14.49,46.33,0.31,0.94,5.71,0.55,2.43,50.88,1.81,4.21,18.26,2.35,0.39,2.57,5.96,4.86
12.95,40.43,0.32,0.84,5.85,4.0,0.07,27.3,4.4,10.0,6.39,10.48,4.47,0.43,7.79,18.82
12.75,37.81,0.34,0.79,19.57,0.72,1.47,4.57,1.76,11.08,14.16,14.52,4.56,0.29,21.03,6.26
12.7,42.29,0.3,0.95,29.73,1.31,0.05,9.81,9.26,1.14,3.39,25.48,2.83,1.76,3.31,11.92
12.65,41.28,0.31,0.87,10.15,13.36,0.79,25.18,2.64,3.89,12.4,0.63,6.21,0.94,5.42,18.39
12.98,36.99,0.35,0.81,10.52,2.5,0.44,24.6,2.4,11.65,1.13,0.33,31.28,0.07,0.38,14.71
13.44,43.15,0.31,0.86,23.37,1.12,8.06,10.53,1.6,6.39,23.92,8.9,0.01,0.12,11.92,4.07
12.58,38.04,0.33,0.79,22.73,2.97,0.34,8.96,3.22,4.81,4.72,4.93,7.06,0.26,21.38,18.62
14.34,37.74,0.38,0.88,52.97,5.36,0.72,10.56,0.37,2.99,0.4,1.94,2.47,0.42,3.53,18.26
12.85,40.48,0.32,0.76,1.62,0.53,3.66,2.67,2.19,9.31,47.51,7.27,8.14,1.34,5.72,10.03
14.49,43.38,0.33,0.96,14.65,0.69,0.28,51.44,2.88,2.29,1.35,2.54,14.68,1.74,4.86,2.6
14.17,43.11,0.33,0.93,16.98,3.68,2.88,45.41,1.93,8.48,0.34,0.8,9.87,1.04,4.29,4.29
13.53,38.77,0.35,0.88,30.12,6.08,0.98,15.29,9.54,11.93,10.78,1.66,11.64,0.13,1.44,0.4
13.44,39.83,0.34,0.83,13.55,3.46,1.63,30.48,0.37,15.01,1.96,4.85,5.26,0.39,13.06,9.98
14.11,38.49,0.37,0.83,48.39,0.52,0.21,1.55,2.99,5.16,17.78,0.93,2.86,1.85,7.29,10.46
13.12,41.09,0.32,0.93,27.16,8.92,3.61,19.22,0.82,6.48,6.08,8.45,13.56,0.84,3.46,1.39
12.8,41.01,0.31,0.91,27.44,5.63,0.06,13.69,12.7,9.69,6.45,10.17,3.28,1.11,3.78,6.02
13.24,40.19,0.33,0.89,41.71,2.41,1.24,4.94,8.4,1.08,7.89,8.33,3.29,0.85,14.39,5.47
13.28,40.04,0.33,0.84,16.86,2.39,0.26,25.3,0.57,22.73,3.34,12.92,0.95,1.98,8.27,4.43
12.68,41.66,0.3,0.89,13.2,0.49,2.34,20.89,6.98,5.64,7.61,12.68,17.55,0.91,10.84,0.86
12.85,38.52,0.33,0.81,15.58,0.65,0.67,9.76,2.36,4.7,22.93,0.23,31.55,1.85,3.04,6.67
12.79,39.17,0.33,0.85,0.79,10.49,0.31,10.75,1.9,1.05,41.73,11.08,10.27,0.6,9.16,1.87
12.72,41.76,0.3,0.84,25.41,6.37,7.2,6.78,2.17,19.27,16.99,5.38,3.61,1.12,1.94,3.73
12.64,39.65,0.32,0.85,19.08,8.01,0.85,7.45,0.84,2.17,14.79,14.51,2.98,0.72,3.65,24.95
12.99,41.39,0.31,0.85,2.04,7.52,4.48,25.92,3.09,21.59,18.39,9.61,0.07,0.13,6.38,0.79
12.96,42.45,0.31,0.9,8.12,8.24,2.5,29.81,0.67,5.05,7.88,10.94,3.47,0.64,6.89,15.8
13.52,39.72,0.34,0.89,50.94,0.3,0.36,5.54,4.45,4.69,0.27,9.78,1.55,1.99,15.48,4.65
13.41,44.76,0.3,0.95,31.16,5.01,5.25,26.47,3.58,4.53,2.26,4.5,5.79,1.76,2.18,7.52
13.7,45.64,0.3,0.97,24.11,0.75,4.49,31.82,8.01,9.77,5.56,11.52,2.05,1.83,0.03,0.05
12.61,40.14,0.31,0.91,6.4,0.05,0.35,8.03,9.7,3.48,24.12,32.5,12.24,0.42,0.87,1.84
13.11,43.42,0.3,0.85,10.95,2.42,5.08,7.97,9.25,0.71,43.42,3.14,6.22,0.77,5.17,4.9
14.22,42.7,0.33,0.99,49.16,0.32,5.76,7.35,1.92,0.38,9.05,23.33,0.45,0.46,1.54,0.29
12.74,38.07,0.33,0.84,12.44,0.35,0.37,11.73,3.57,11.4,9.66,23.44,10.76,0.17,11.69,4.41
12.71,36.74,0.35,0.79,13.37,4.74,0.25,9.26,0.43,22.31,14.36,16.07,6.61,0.84,10.23,1.53
13.04,40.3,0.32,0.85,43.17,6.01,6.12,3.59,0.65,12.69,7.7,1.68,0.75,1.03,16.47,0.16
12.61,38.73,0.33,0.79,17.93,3.73,4.11,13.04,2.3,20.08,7.17,2.67,10.74,0.28,15.16,2.79
12.96,41.0,0.32,0.8,8.23,6.54,4.14,26.61,1.43,30.75,11.41,1.48,0.7,1.45,3.92,3.35
12.95,41.88,0.31,0.9,24.39,6.03,1.23,25.36,3.7,11.46,0.13,7.32,0.43,1.88,17.46,0.59
13.66,39.94,0.34,0.88,43.73,2.09,5.98,6.64,1.34,14.2,4.69,8.6,7.72,0.45,1.54,3.02
12.99,42.41,0.31,0.86,13.72,8.96,3.45,14.21,2.67,9.63,28.73,5.48,0.15,1.49,1.17,10.36
12.5,35.65,0.35,0.76,22.27,3.14,1.1,7.51,0.39,12.71,1.69,1.92,20.3,0.08,14.61,14.27
13.02,38.97,0.33,0.81,6.43,1.21,1.39,10.94,2.04,3.46,32.1,5.46,25.47,0.97,2.84,7.7
13.03,41.59,0.31,0.79,3.8,1.57,3.86,19.33,0.81,7.82,19.91,6.51,3.84,0.35,3.02,29.19
13.62,40.73,0.33,0.86,8.07,4.62,0.15,33.62,2.83,11.6,12.27,4.8,8.15,0.96,6.42,6.52
12.7,40.18,0.32,0.83,39.95,2.29,1.51,0.21,1.08,11.18,8.25,6.59,6.22,3.29,4.82,14.62
12.89,42.12,0.31,0.87,7.15,3.05,0.26,24.1,5.48,15.21,17.16,14.65,3.1,2.31,7.26,0.27
12.84,41.7,0.31,0.89,42.79,2.86,4.76,3.76,4.46,5.32,6.98,4.76,5.76,1.74,15.47,1.34
12.79,39.83,0.32,0.82,3.9,3.78,2.06,12.25,1.02,9.57,25.61,18.21,0.1,0.27,14.52,8.7
13.31,40.45,0.33,0.86,17.16,3.53,0.38,0.85,3.86,0.51,45.64,14.11,8.32,2.15,0.1,3.39
13.41,40.08,0.33,0.91,39.23,2.18,2.5,11.71,0.68,5.21,1.06,14.33,10.67,1.15,10.51,0.77
13.35,38.61,0.35,0.86,20.86,1.16,1.15,8.51,1.24,7.1,16.68,19.67,10.31,0.35,3.07,9.88
13.43,42.16,0.32,0.91,16.43,4.63,3.07,16.8,1.12,2.93,22.65,16.06,5.23,0.85,1.61,8.62
12.79,38.65,0.33,0.92,11.84,0.18,0.19,12.29,2.02,13.99,6.03,43.78,5.08,0.57,0.93,3.1
13.67,40.77,0.34,0.89,29.18,0.57,0.47,25.88,1.0,0.29,2.67,3.83,8.72,1.49,25.35,0.54
14.43,45.76,0.32,0.97,13.67,1.45,2.24,54.03,1.91,2.34,0.63,4.5,1.02,1.93,6.71,9.58
12.63,40.72,0.31,0.79,3.0,0.36,2.14,22.97,4.24,28.88,9.69,12.33,2.84,1.75,4.97,6.83
12.67,38.47,0.33,0.8,5.95,5.52,0.43,25.08,0.35,23.15,6.62,5.14,16.44,1.58,4.86,4.89
12.76,40.13,0.32,0.88,7.54,2.03,0.13,24.01,4.22,4.74,10.76,9.2,28.3,1.41,3.0,4.66
12.54,39.4,0.32,0.93,29.8,12.6,1.63,13.1,3.41,2.78,2.8,7.29,19.22,0.71,3.21,3.45
13.18,41.38,0.32,0.94,18.4,12.37,0.6,20.47,0.13,0.02,15.85,14.68,1.42,0.92,4.25,10.88
12.63,41.09,0.31,0.86,27.02,5.9,2.91,8.68,1.34,8.35,11.6,7.42,9.96,2.0,4.58,10.25
13.75,40.65,0.34,0.8,0.15,2.31,1.02,27.6,1.01,1.72,30.16,0.28,4.04,0.1,18.14,13.47
13.16,42.47,0.31,0.85,21.62,0.86,0.54,18.34,4.45,12.0,17.7,4.51,7.41,3.45,5.92,3.21
12.89,40.32,0.32,0.81,8.67,2.76,2.25,12.16,0.25,17.66,25.58,13.52,7.5,1.9,1.13,6.61
12.53,39.98,0.31,0.86,24.61,4.21,0.22,4.74,17.04,7.92,18.66,1.53,10.42,0.86,3.77,6.02
12.69,40.32,0.31,0.83,38.18,0.27,2.74,1.7,8.62,9.15,8.87,0.43,6.22,1.68,16.35,5.77
13.45,41.76,0.32,0.86,13.94,1.17,4.29,21.46,0.63,7.68,18.02,8.59,7.21,0.52,13.19,3.3
13.16,39.67,0.33,0.84,7.19,9.26,1.52,10.54,6.0,7.29,40.19,6.07,2.31,0.05,7.75,1.84
12.75,39.08,0.33,0.88,18.86,12.22,1.38,10.18,0.16,10.66,20.32,11.39,10.42,1.18,1.3,1.93
13.45,41.64,0.32,0.93,17.64,0.04,0.57,27.07,6.72,5.79,3.76,18.66,9.16,0.74,7.31,2.54
13.6,41.29,0.33,0.9,20.38,2.84,0.35,27.12,3.17,4.73,9.19,6.0,14.45,1.59,4.68,5.49
14.07,39.98,0.35,0.84,39.2,0.82,1.41,2.66,2.96,4.91,28.57,3.07,0.89,1.84,7.24,6.41
12.62,36.84,0.34,0.76,29.16,2.24,0.09,2.79,0.74,19.21,9.17,6.68,0.62,1.81,27.24,0.26
12.56,39.52,0.32,0.82,17.82,4.29,3.8,6.93,0.62,4.37,17.18,5.61,16.56,0.4,11.36,11.06
12.92,38.83,0.33,0.81,26.16,5.48,0.91,16.89,5.09,27.28,1.05,1.6,5.78,1.86,0.14,7.75
14.01,45.09,0.31,0.91,26.66,1.07,9.86,21.16,1.51,0.99,20.97,1.82,3.69,0.0,8.88,3.38
12.82,38.96,0.33,0.85,36.23,8.79,3.09,3.18,2.15,9.55,10.54,3.29,4.61,0.8,11.44,6.33
12.99,40.34,0.32,0.89,27.26,4.02,2.91,10.03,3.36,3.62,10.54,13.81,5.25,0.25,17.16,1.8
13.36,38.04,0.35,0.83,24.16,5.29,0.43,11.08,2.94,15.67,15.59,6.79,7.98,0.9,1.19,7.95
13.25,39.58,0.33,0.88,35.66,4.43,0.11,12.43,1.93,6.23,3.12,9.55,6.55,1.63,9.42,8.95
14.58,43.45,0.34,0.99,2.35,10.72,1.24,56.12,0.91,1.36,14.67,3.21,4.91,0.32,3.85,0.32
12.64,40.56,0.31,0.77,6.54,2.15,1.23,18.84,2.31,4.93,13.44,2.07,4.21,0.69,17.37,26.23
12.66,40.78,0.31,0.84,26.46,4.43,5.18,7.01,6.92,16.74,14.05,1.35,11.56,1.03,2.6,2.69
13.18,39.77,0.33,0.81,29.87,1.29,4.98,12.4,1.85,26.09,0.35,8.37,1.01,0.78,2.37,10.64
13.95,42.89,0.33,0.87,6.09,1.43,1.37,29.17,0.63,0.69,33.91,3.08,8.73,1.94,11.81,1.17
12.73,41.64,0.31,0.81,3.24,0.12,4.9,6.41,0.43,1.08,43.71,5.43,24.94,1.8,2.72,5.21
13.31,41.56,0.32,0.86,32.05,2.23,0.47,17.78,2.57,9.47,8.49,2.54,1.95,2.94,16.5,3.0
12.83,37.32,0.34,0.68,9.07,0.28,3.49,3.0,1.36,39.05,28.34,3.95,1.18,1.56,0.22,8.47
12.88,42.04,0.31,0.92,26.85,2.16,5.3,9.98,1.08,9.12,6.53,26.31,0.23,0.65,11.08,0.71
12.54,40.89,0.31,0.84,7.31,4.85,1.27,5.92,17.14,4.06,38.8,2.11,7.12,0.15,8.63,2.65
12.99,38.24,0.34,0.89,44.79,8.94,1.02,4.31,7.14,7.88,3.62,1.29,13.03,1.09,0.97,5.92
13.63,40.46,0.34,0.91,26.28,4.53,1.91,20.61,4.41,11.36,4.57,14.93,4.21,0.2,0.43,6.56
12.51,39.7,0.32,0.76,17.12,0.33,6.85,5.57,0.82,18.08,14.93,3.7,8.54,0.13,17.34,6.58
12.81,41.97,0.31,0.89,14.1,1.35,0.86,10.18,4.01,2.06,26.51,19.85,8.94,2.25,8.27,1.63
13.13,40.44,0.32,0.89,26.62,9.29,2.7,17.46,2.94,2.27,12.02,0.37,8.2,0.36,17.54,0.22
13.74,37.49,0.37,0.81,33.4,1.53,1.32,5.3,5.38,8.9,17.59,0.24,9.18,0.05,6.31,10.81
14.8,41.76,0.35,0.88,18.74,1.27,0.1,37.93,4.24,12.8,15.48,0.63,0.93,1.35,1.47,5.06
12.77,40.65,0.31,0.9,42.86,7.36,0.46,6.35,12.91,10.3,3.57,1.47,1.02,1.88,2.72,9.1
12.74,41.95,0.3,0.94,17.78,12.84,1.9,15.89,3.33,6.35,19.41,13.72,4.86,1.44,0.01,2.48
14.52,39.81,0.36,0.89,54.2,1.04,5.9,10.11,3.03,13.9,3.65,2.49,1.94,0.08,3.31,0.36
14.04,40.79,0.34,0.87,17.54,3.4,1.52,30.73,0.32,5.25,10.26,3.17,10.25,0.49,3.39,13.67
14.46,40.68,0.36,0.87,31.16,2.47,1.35,13.31,2.49,1.33,32.22,1.93,3.73,1.25,7.87,0.88
13.65,34.78,0.39,0.82,47.75,6.64,0.52,1.13,2.62,17.46,6.79,0.65,8.57,0.5,7.14,0.22
12.58,40.68,0.31,0.87,35.43,3.63,5.16,6.74,4.77,1.32,1.83,0.01,22.95,0.76,1.09,16.31
13.05,40.16,0.32,0.81,33.65,0.88,3.79,1.48,9.21,11.54,17.42,0.27,0.09,0.61,15.02,6.03
12.96,39.72,0.33,0.82,37.99,4.12,8.12,6.47,1.16,25.83,1.36,1.17,3.36,0.44,7.96,2.02
12.91,39.76,0.32,0.87,27.51,1.81,0.14,11.05,9.97,13.47,5.19,12.71,4.7,1.06,6.53,5.86
13.36,39.48,0.34,0.91,30.9,8.41,0.49,9.99,1.95,3.43,12.92,14.96,2.38,0.64,5.25,8.69
14.54,40.73,0.36,0.89,22.95,1.47,1.02,25.8,4.21,2.51,21.92,1.18,10.83,0.48,3.43,4.2
13.47,44.05,0.31,0.89,14.96,0.69,0.67,39.11,0.21,5.52,5.05,0.26,9.74,3.5,12.81,7.48
13.36,40.6,0.33,0.92,29.42,3.13,2.95,8.42,5.64,0.48,17.43,12.57,15.76,0.38,0.85,2.99
12.63,41.97,0.3,0.81,1.88,3.15,0.98,19.17,7.23,2.58,25.95,0.26,11.86,1.33,6.88,18.73
12.56,35.91,0.35,0.71,5.75,1.95,0.09,15.68,4.74,37.03,6.79,4.59,8.05,0.76,3.1,11.48
12.71,41.53,0.31,0.88,17.71,2.15,4.5,1.61,1.98,5.69,28.28,22.97,7.5,1.24,4.73,1.66
12.7,40.8,0.31,0.87,31.65,5.48,1.43,2.16,7.33,0.0,21.18,3.66,10.19,1.8,10.5,4.63
13.11,44.25,0.3,0.9,7.68,2.0,0.19,41.02,0.98,9.64,5.14,6.67,4.84,3.61,16.71,1.53
12.57,41.71,0.3,0.9,19.44,12.66,5.64,18.9,2.34,9.34,9.37,2.44,11.03,0.27,5.1,3.47
12.45,39.07,0.32,0.87,9.41,11.21,2.61,7.23,1.77,3.52,29.41,9.97,19.46,0.29,1.6,3.53
13.54,41.95,0.32,0.86,19.63,5.19,5.56,16.1,0.71,12.38,22.8,6.0,1.97,0.61,2.55,6.51
13.03,43.11,0.3,0.91,34.84,1.46,0.62,13.19,5.93,0.01,12.15,4.06,10.09,3.54,10.23,3.89
12.47,40.31,0.31,0.82,10.3,3.21,3.68,16.97,2.14,15.74,3.99,13.55,6.24,0.21,6.25,17.72
12.51,39.62,0.32,0.84,2.53,17.84,0.46,6.67,2.57,3.83,48.79,2.93,2.25,1.14,3.18,7.81
13.27,43.73,0.3,0.94,20.7,4.72,4.86,16.74,8.39,1.55,21.02,11.46,2.79,0.21,6.92,0.65
13.68,41.85,0.33,0.78,5.45,1.27,0.07,13.99,1.62,10.38,52.3,1.29,0.24,3.5,7.06,2.84
13.69,38.92,0.35,0.89,43.54,0.55,3.09,5.87,1.95,16.38,0.29,21.09,0.6,0.51,4.32,1.8
12.85,40.12,0.32,0.8,20.53,0.23,3.72,15.32,12.99,27.95,5.25,2.4,0.99,0.22,8.11,2.29
13.34,42.79,0.31,0.85,11.85,0.75,3.17,20.61,1.14,7.66,20.52,9.98,6.58,1.69,0.63,15.42
13.02,40.15,0.32,0.81,14.39,3.31,2.45,19.83,4.14,28.11,12.12,4.47,5.55,1.74,1.98,1.9
12.91,39.06,0.33,0.78,3.76,3.55,1.92,22.4,1.85,15.2,15.85,0.56,15.02,0.42,9.7,9.74
13.63,41.27,0.33,0.87,3.75,0.15,0.35,36.03,1.02,3.79,9.77,10.56,9.0,0.6,14.57,10.42
12.51,41.73,0.3,0.86,0.89,2.71,1.38,17.83,2.83,12.25,20.68,25.01,0.36,1.62,9.4,5.05
13.08,43.93,0.3,0.98,13.24,12.58,2.79,37.99,8.14,1.88,4.33,2.19,9.62,0.45,0.84,5.94
13.05,42.41,0.31,0.85,10.95,2.52,1.58,32.45,2.82,5.71,2.93,2.23,5.0,1.26,16.65,15.9
12.94,39.0,0.33,0.85,45.5,5.25,0.55,0.18,1.98,17.37,7.26,8.47,0.62,3.12,7.74,1.97
13.19,39.05,0.34,0.81,11.26,2.05,0.29,26.78,1.78,18.94,6.38,2.57,15.7,1.47,5.44,7.35
13.16,42.64,0.31,0.9,27.67,6.29,2.49,24.26,4.22,8.72,0.8,3.15,3.98,1.73,2.32,14.37
12.84,41.88,0.31,0.8,4.66,0.54,0.95,23.29,1.55,12.49,17.86,7.64,1.23,2.22,17.31,10.27
13.61,40.27,0.34,0.84,31.48,2.24,2.14,4.93,2.75,0.23,21.7,5.21,4.02,0.86,1.23,23.2
13.02,38.77,0.34,0.92,25.22,14.62,0.72,22.74,0.76,16.21,0.57,8.18,8.63,0.87,0.65,0.85
12.91,41.63,0.31,0.84,27.45,0.49,7.5,2.13,5.78,9.65,21.09,4.68,13.45,0.45,2.41,4.92
13.52,42.98,0.31,0.89,19.86,2.07,4.28,32.39,3.04,14.19,4.0,0.67,8.76,1.53,7.91,1.31
12.71,40.34,0.31,0.84,15.19,5.2,0.48,7.16,8.52,4.76,32.16,1.69,13.71,1.71,6.8,2.64
12.68,42.51,0.3,0.89,12.68,1.03,2.43,15.03,0.91,1.19,18.83,15.77,17.08,2.26,5.03,7.76
12.71,41.26,0.31,0.86,31.02,0.45,0.15,12.64,12.0,20.86,2.54,6.9,5.2,2.98,0.53,4.71
13.85,38.06,0.36,0.83,13.57,0.13,0.27,22.24,0.58,7.98,21.28,1.7,28.23,0.98,2.84,0.21
12.86,42.62,0.3,0.86,29.02,4.35,4.38,10.93,2.55,4.5,13.45,0.1,7.63,1.95,5.5,15.63
13.31,40.35,0.33,0.82,20.34,3.97,1.82,24.31,0.79,24.18,3.31,4.26,2.6,1.92,0.5,12.01
12.48,37.99,0.33,0.86,4.69,1.83,0.13,27.0,2.53,2.47,0.05,8.91,33.1,0.07,18.1,1.14
12.79,41.62,0.31,0.95,6.12,17.26,2.33,41.33,1.69,7.6,0.44,1.33,12.99,0.22,3.89,4.8
12.51,38.06,0.33,0.8,2.86,2.58,0.98,5.11,0.57,3.99,32.11,17.57,13.79,0.51,17.03,2.91
13.89,42.32,0.33,0.9,4.1,3.74,0.14,39.25,4.71,8.28,14.01,9.44,1.63,0.74,5.0,8.94
12.7,37.58,0.34,0.81,18.05,8.9,3.47,10.66,1.06,27.42,9.95,9.46,6.31,0.19,2.01,2.52
12.73,34.09,0.37,0.71,27.37,3.49,1.34,4.6,0.4,31.46,0.69,1.27,5.14,0.27,17.21,6.75
14.44,44.63,0.32,0.96,7.1,0.12,4.56,55.32,1.26,4.0,0.78,3.19,13.85,0.57,1.67,7.59
13.42,44.46,0.3,0.93,21.84,2.71,0.31,32.2,5.07,10.14,6.07,7.71,2.46,3.55,2.53,5.4
12.83,42.23,0.3,0.84,1.82,2.69,3.07,26.38,4.09,14.89,12.94,11.15,4.77,0.88,3.28,14.05
14.94,43.87,0.34,1.01,4.27,8.41,0.78,65.14,2.96,5.58,3.73,5.27,1.68,0.36,0.01,1.8
12.68,42.73,0.3,0.98,18.36,6.76,4.89,13.28,0.92,3.87,10.69,33.41,2.7,0.43,3.29,1.4
12.71,39.14,0.32,0.8,9.62,7.69,0.7,11.19,1.99,10.57,27.45,1.14,13.82,1.51,0.99,13.32
12.84,43.11,0.3,0.9,19.57,3.61,0.67,15.69,21.73,2.6,18.76,0.76,0.34,0.49,4.45,11.32
13.22,39.16,0.34,0.78,8.91,2.22,2.38,6.4,2.25,1.11,42.55,1.63,9.91,0.35,21.28,1.01
12.73,37.13,0.34,0.76,21.63,1.46,0.85,0.39,8.5,17.94,20.5,3.46,7.15,0.52,11.79,5.83
13.11,42.21,0.31,0.89,1.72,0.87,0.49,35.02,2.75,2.59,5.8,15.3,11.57,0.97,9.17,13.76
12.76,39.48,0.32,0.81,14.17,0.51,1.9,3.86,13.38,16.83,28.14,8.3,9.69,0.6,1.06,1.56
13.07,43.66,0.3,0.92,42.07,3.28,8.64,12.35,1.6,10.29,1.15,4.42,9.24,1.68,4.63,0.65
13.0,41.56,0.31,0.86,10.32,6.41,0.87,17.05,1.12,4.53,25.38,10.18,3.63,1.7,6.83,11.97
12.8,39.0,0.33,0.89,25.36,10.12,1.49,12.53,0.91,7.21,7.64,12.69,7.75,0.45,11.98,1.87
13.08,38.56,0.34,0.78,15.35,2.24,0.64,12.64,6.42,27.56,20.0,4.24,5.34,1.65,3.45,0.47
13.43,43.95,0.31,0.9,45.5,3.07,9.32,2.99,1.23,7.87,18.25,1.64,1.51,1.86,3.66,3.08
12.96,43.38,0.3,0.93,12.86,5.2,2.99,27.99,10.17,14.04,7.94,12.52,4.6,0.96,0.45,0.29
13.04,39.85,0.33,0.89,33.0,1.17,4.35,6.03,3.56,14.46,1.46,21.39,6.6,0.24,0.5,7.24
13.17,39.52,0.33,0.83,23.32,2.68,4.89,4.85,0.54,12.47,19.77,11.6,6.61,0.14,5.93,7.2
13.09,41.35,0.32,0.86,1.16,1.83,0.24,24.42,15.93,14.64,21.89,10.07,3.19,0.12,1.26,5.25
14.14,43.93,0.32,0.9,7.26,5.13,4.04,36.86,1.47,4.04,24.81,0.49,2.26,0.63,6.38,6.62
13.3,41.32,0.32,0.85,25.91,4.38,1.57,26.16,0.6,20.06,1.37,0.52,7.45,2.9,2.05,7.03
14.52,42.57,0.34,0.96,15.11,4.21,1.2,43.0,3.48,5.48,5.72,11.73,2.66,0.11,0.13,7.16
13.44,40.06,0.34,0.92,42.94,10.72,1.63,12.17,5.05,1.12,4.92,0.7,3.64,0.57,5.34,11.2
13.25,44.06,0.3,0.9,6.3,1.31,6.65,41.63,2.47,10.2,0.15,1.67,15.41,0.47,7.93,5.79
14.03,43.65,0.32,0.88,3.5,1.3,3.38,37.22,1.15,2.81,17.67,7.96,2.04,0.33,2.27,20.37
13.25,41.94,0.32,0.85,30.46,2.1,1.46,4.92,1.5,2.17,27.61,4.86,6.69,3.22,5.18,9.82
12.47,36.62,0.34,0.83,20.19,8.71,0.21,1.8,0.13,8.09,12.83,16.55,10.59,0.24,1.39,19.28
13.27,43.06,0.31,0.93,60.97,1.64,1.18,2.02,1.65,3.27,6.45,3.48,6.72,5.7,1.63,5.31
12.57,41.89,0.3,0.9,21.72,9.16,7.02,13.29,1.68,9.87,12.04,5.67,15.01,0.48,1.94,2.12
13.4,39.84,0.34,0.82,27.8,3.84,3.53,12.13,0.32,16.3,14.12,3.29,2.38,1.08,10.33,4.87
12.83,40.05,0.32,0.95,18.39,19.96,0.96,30.67,2.49,7.57,0.79,2.39,9.99,0.19,0.23,6.36
13.16,39.59,0.33,0.89,20.81,14.56,1.35,24.14,2.21,12.62,8.38,1.26,5.18,0.43,4.49,4.58
13.42,37.26,0.36,0.78,20.79,8.05,1.22,11.64,0.82,22.24,20.35,0.21,3.58,0.7,2.41,8.0
13.44,44.35,0.3,0.88,3.68,3.6,6.09,32.7,3.85,3.94,20.79,0.95,8.91,0.15,5.78,9.57
13.18,43.3,0.3,0.9,51.9,0.35,3.67,6.0,0.18,15.44,4.04,7.27,3.1,4.99,2.22,0.83
13.0,41.28,0.31,0.87,12.64,9.61,4.83,16.84,0.04,16.04,21.11,11.21,1.13,0.55,3.31,2.7
13.19,40.45,0.33,0.78,8.07,1.68,2.26,23.31,0.9,18.35,13.08,4.72,3.08,1.04,6.59,16.93
13.03,42.73,0.3,0.86,13.16,2.38,1.08,13.66,1.85,12.74,31.22,13.17,5.65,3.73,0.15,1.22
13.53,45.01,0.3,0.94,14.07,5.42,8.28,35.99,0.96,7.59,8.62,3.82,5.83,0.23,8.96,0.22
12.57,42.07,0.3,0.88,19.86,11.05,4.14,18.39,1.21,2.73,10.48,1.12,8.01,0.83,11.59,10.59
12.48,42.24,0.3,0.9,40.05,3.06,2.92,2.76,6.36,9.09,5.79,10.93,6.95,2.95,4.3,4.84
12.88,41.08,0.31,0.88,21.71,1.74,2.0,18.27,7.85,3.88,2.61,9.28,6.57,0.1,16.0,9.98
14.0,40.32,0.35,0.87,41.23,2.72,3.66,11.95,1.29,13.53,12.5,0.92,6.67,1.6,2.6,1.34
12.6,37.11,0.34,0.7,0.97,5.12,2.08,0.36,2.78,16.72,40.97,1.34,6.72,0.19,4.14,18.61
12.92,42.85,0.3,0.78,0.19,0.64,1.99,24.17,3.95,14.02,23.38,1.26,1.43,2.2,2.87,23.91
12.59,40.29,0.31,0.84,5.44,6.57,3.31,28.12,0.92,15.5,1.46,6.53,14.18,0.26,5.54,12.17
12.78,42.98,0.3,0.94,16.09,8.31,5.52,26.57,3.19,15.8,0.74,16.13,2.98,0.48,3.4,0.8
13.9,43.33,0.32,0.86,4.01,3.36,2.42,32.08,5.44,13.6,30.73,1.65,2.21,1.61,0.91,1.98
12.88,43.41,0.3,0.88,15.88,4.47,3.75,26.91,1.86,1.51,9.04,1.16,6.07,1.39,21.99,5.95
12.66,41.24,0.31,0.85,10.48,3.33,1.08,9.65,9.97,0.17,31.47,3.29,18.6,1.33,2.16,8.45
13.32,42.06,0.32,0.86,3.83,8.18,5.27,13.04,0.38,8.01,45.06,11.04,0.03,0.48,4.17,0.5
12.51,39.1,0.32,0.87,5.07,14.33,1.65,30.01,0.63,20.09,1.8,9.56,4.71,0.03,9.55,2.58
12.77,40.38,0.32,0.82,19.43,2.52,0.48,1.64,18.45,11.71,33.76,1.16,1.49,1.05,5.51,2.8
13.02,43.55,0.3,0.92,16.28,4.13,3.48,30.13,8.01,12.02,4.74,5.41,12.22,1.54,0.82,1.23
12.68,39.22,0.32,0.74,2.75,2.05,4.71,27.63,0.42,38.63,2.83,1.86,6.72,0.95,9.36,2.08
12.84,39.65,0.32,0.86,24.52,2.38,0.02,10.87,1.5,1.84,12.29,10.85,14.22,1.84,17.11,2.56
13.57,40.37,0.34,0.82,11.68,0.17,2.75,21.83,6.46,16.83,21.03,0.85,12.94,0.64,2.93,1.89
12.97,43.66,0.3,0.86,16.34,0.55,1.17,22.21,4.52,5.4,14.63,5.77,0.08,2.74,16.3,10.29
12.94,40.09,0.32,0.82,19.17,1.71,3.24,4.75,3.72,4.99,21.81,9.15,7.94,0.31,5.32,17.9
13.79,46.51,0.3,0.93,1.31,4.63,2.1,40.45,5.75,2.74,31.06,1.13,1.71,2.82,0.75,5.55
13.13,38.09,0.34,0.84,18.37,12.24,1.65,4.44,0.78,7.09,32.41,7.6,3.77,0.06,3.77,7.82
12.71,37.46,0.34,0.79,12.28,1.11,0.75,16.25,6.07,30.52,0.11,14.76,4.91,0.4,0.44,12.41
12.61,37.91,0.33,0.78,10.31,2.23,0.56,2.16,2.73,16.04,31.72,10.99,16.82,1.93,1.62,2.89
12.91,39.1,0.33,0.75,0.98,4.6,1.96,19.19,1.88,20.9,21.15,0.8,6.44,0.65,0.16,21.3
12.59,41.74,0.3,0.85,0.96,10.0,3.94,34.65,0.67,15.94,6.42,0.62,10.25,0.69,9.14,6.72
13.27,44.86,0.3,0.93,34.35,1.33,3.24,21.22,2.71,3.07,6.36,5.16,4.16,3.42,11.11,3.89
12.62,42.54,0.3,0.81,19.3,0.01,3.5,16.64,3.83,23.7,12.77,0.56,10.5,3.67,4.66,0.85
12.57,40.67,0.31,0.85,12.65,7.02,3.43,12.22,4.88,13.33,18.58,10.07,4.98,0.44,7.66,4.73
13.96,43.52,0.32,0.92,10.15,4.93,0.28,26.48,3.0,1.1,34.67,11.74,1.34,2.2,2.55,1.56
13.55,40.77,0.33,0.87,9.07,7.66,0.02,35.44,2.91,11.72,9.32,4.66,0.63,0.63,12.43,5.51
13.1,43.11,0.3,0.85,2.47,3.98,5.23,35.82,0.18,8.81,5.02,3.08,4.25,0.08,7.66,23.42
12.93,43.58,0.3,0.94,39.8,6.22,9.56,13.66,5.22,5.41,0.17,1.87,8.64,0.06,9.12,0.27
13.16,40.88,0.32,0.91,35.13,5.03,3.38,5.96,3.53,1.89,12.81,12.4,3.78,0.6,11.64,3.85
13.43,43.17,0.31,0.9,11.21,7.08,1.53,32.7,5.95,3.92,15.97,0.75,2.78,1.05,10.57,6.49
12.74,42.24,0.3,0.85,4.69,0.64,1.43,26.86,14.18,15.62,11.0,6.46,2.51,0.61,11.56,4.44
12.58,41.35,0.3,0.88,9.28,9.84,1.6,30.26,8.38,12.38,3.7,2.93,3.06,0.23,16.27,2.07
13.11,42.76,0.31,0.85,15.34,3.65,1.86,15.33,2.18,1.26,23.64,7.68,0.72,1.84,4.84,21.66
12.67,38.31,0.33,0.8,7.75,0.58,0.27,7.57,3.32,4.67,18.44,17.39,11.91,0.13,2.75,25.24
13.69,36.43,0.38,0.81,31.5,1.19,1.21,6.43,3.65,14.12,14.0,3.38,15.0,0.11,2.83,6.59
12.77,41.41,0.31,0.89,11.17,12.7,0.95,29.94,0.02,19.34,6.78,8.41,0.58,2.13,4.75,3.22
13.26,43.27,0.31,0.88,10.0,2.05,0.32,15.98,3.14,3.93,36.61,13.59,4.78,3.28,2.31,4.0
13.18,42.55,0.31,0.91,25.35,8.49,4.78,26.93,0.3,9.37,1.98,1.53,6.25,1.12,9.37,4.53
12.75,36.98,0.34,0.75,17.61,2.33,4.83,2.65,0.31,30.85,16.26,11.17,5.59,0.16,7.22,1.01
12.68,42.6,0.3,0.86,7.3,9.77,4.56,29.14,2.39,11.99,7.17,2.06,1.52,0.32,8.15,15.62
12.85,41.2,0.31,0.91,12.65,2.16,0.45,23.75,2.52,0.96,1.2,24.24,1.97,0.4,18.35,11.36
12.63,41.51,0.3,0.87,26.34,5.25,1.91,13.74,12.18,6.7,6.65,1.04,1.47,0.6,14.38,9.74
13.27,40.89,0.32,0.85,4.97,1.71,2.15,26.76,0.24,3.26,19.47,6.5,16.88,0.71,16.4,0.97
13.37,41.16,0.32,0.91,20.34,2.9,1.47,31.24,1.55,5.7,0.75,2.26,26.31,1.83,0.2,5.47
12.56,40.97,0.31,0.84,0.4,4.48,5.28,12.96,0.09,13.01,29.45,14.77,13.51,0.65,4.14,1.26
12.82,39.52,0.32,0.78,16.99,1.92,6.23,10.59,0.0,30.51,11.15,12.08,0.09,0.5,9.57,0.38
12.9,40.7,0.32,0.8,0.92,4.46,4.47,34.43,0.11,23.95,4.63,0.94,6.75,0.39,14.8,4.14
12.92,40.54,0.32,0.82,19.66,0.97,0.03,3.61,14.06,11.16,31.05,6.04,0.91,1.57,7.16,3.78
13.44,35.62,0.38,0.74,22.37,1.02,0.32,12.1,7.37,34.5,9.6,0.58,5.06,0.37,2.84,3.87
13.18,39.62,0.33,0.91,17.22,10.35,1.53,25.91,2.85,5.65,7.66,2.83,18.92,0.11,2.85,4.14
14.84,43.69,0.34,0.95,12.87,1.61,3.06,52.06,0.39,9.24,1.9,7.89,1.82,0.51,1.24,7.43
13.38,44.57,0.3,0.96,20.21,3.74,0.97,30.03,16.59,3.7,11.31,4.0,1.27,1.29,5.47,1.43
13.59,42.79,0.32,0.89,38.05,1.2,6.42,6.77,5.77,1.92,18.82,2.22,4.86,0.68,6.12,7.16
13.96,39.88,0.35,0.94,61.31,3.96,5.4,2.64,3.88,2.88,2.92,2.21,9.86,0.6,3.39,0.95
13.54,43.92,0.31,0.89,23.22,4.95,7.95,13.19,2.93,1.29,29.84,1.03,7.1,0.43,2.67,5.39
12.91,39.64,0.33,0.87,17.3,6.43,0.47,17.51,1.54,5.71,14.02,7.76,18.36,1.41,7.17,2.33
13.5,44.41,0.3,0.93,27.57,5.34,5.41,15.24,6.88,3.74,24.96,3.76,3.32,1.42,0.7,1.66
14.02,39.01,0.36,0.84,34.07,3.16,1.52,1.46,6.86,2.28,33.25,0.63,4.41,0.4,2.62,9.34
12.98,39.87,0.33,0.8,19.5,0.58,0.04,5.03,7.67,3.03,27.9,3.65,7.21,1.36,13.47,10.55
12.65,37.22,0.34,0.84,37.32,9.96,0.65,2.62,5.14,6.72,3.47,1.67,6.21,0.21,10.19,15.83
12.63,40.62,0.31,0.89,30.36,7.3,3.1,11.85,5.04,17.98,1.35,10.68,4.34,1.35,3.76,2.88
12.71,41.71,0.3,0.86,24.51,4.73,0.7,18.03,3.64,20.94,4.05,9.51,1.58,3.31,2.5,6.5
13.32,43.25,0.31,0.95,36.76,6.13,5.62,18.66,0.7,1.87,1.54,5.83,10.45,1.34,0.02,11.07
12.76,41.37,0.31,0.88,5.57,9.72,2.66,18.97,1.43,1.63,21.95,9.91,8.94,0.23,2.1,16.9
13.1,44.29,0.3,0.92,55.27,1.09,6.09,2.28,9.57,12.1,7.47,0.24,0.74,3.52,0.43,1.19
13.55,41.35,0.33,0.92,31.55,0.33,4.14,17.01,3.64,7.85,1.77,14.03,11.37,0.43,0.52,7.36
12.75,43.14,0.3,0.86,19.43,2.24,2.9,22.48,7.69,6.94,1.81,3.11,2.88,1.23,7.27,22.02
13.07,42.57,0.31,0.84,18.72,0.27,5.8,24.52,0.7,2.22,3.91,2.45,1.8,0.06,31.27,8.28
13.25,39.03,0.34,0.83,42.87,0.78,3.27,1.28,6.34,6.12,4.46,2.18,3.56,0.15,8.64,20.37
12.77,41.1,0.31,0.93,45.95,10.42,2.74,0.59,11.74,2.4,9.19,2.74,0.94,0.86,1.84,10.59
13.14,43.49,0.3,1.01,46.91,11.31,5.58,10.32,6.2,0.16,3.21,11.07,0.41,0.75,2.13,1.94
13.56,42.57,0.32,0.93,46.9,1.16,7.33,10.81,6.67,6.8,0.6,5.38,4.85,0.28,7.59,1.63
12.9,42.68,0.3,0.83,14.51,0.25,2.88,30.41,0.76,22.46,2.4,2.61,4.02,3.09,16.51,0.1
12.91,42.66,0.3,0.88,7.59,3.96,1.03,18.99,20.44,5.85,26.86,1.09,4.1,0.09,0.42,9.58
13.14,42.8,0.31,0.92,14.21,3.57,0.45,16.85,8.95,6.27,25.62,15.99,3.77,1.95,0.33,2.04
12.58,34.68,0.36,0.75,18.15,3.68,1.23,10.53,4.85,34.44,0.62,3.98,18.33,0.23,0.22,3.74
12.76,42.73,0.3,0.91,25.57,7.37,1.32,18.74,2.26,5.19,10.28,5.46,10.54,3.07,6.08,4.12
13.82,39.76,0.35,0.77,17.91,1.38,2.94,1.09,0.33,4.33,47.63,1.29,0.76,1.04,5.89,15.39
13.25,40.34,0.33,0.83,16.01,2.44,0.77,24.34,4.5,4.85,5.06,2.28,8.02,0.3,9.14,22.31
12.71,41.27,0.31,0.83,26.75,1.15,8.38,13.51,5.46,26.65,0.9,1.38,12.57,0.64,0.8,1.81
13.5,44.97,0.3,0.91,5.75,8.05,3.8,38.15,3.72,11.24,19.55,0.01,0.51,1.82,0.8,6.58
12.93,41.66,0.31,0.91,39.57,10.74,2.04,6.35,4.09,3.33,15.28,2.06,4.01,2.41,3.71,6.4
12.79,41.96,0.3,0.81,22.96,0.33,1.58,0.23,7.77,2.72,35.84,2.61,3.57,2.71,14.07,5.6
13.0,41.17,0.32,0.83,0.59,1.19,4.05,24.53,4.21,7.09,22.23,0.6,22.28,0.17,7.84,5.21
12.79,40.05,0.32,0.91,1.42,10.14,0.11,34.47,1.45,1.6,5.87,9.21,19.17,0.05,9.31,7.19
12.97,33.75,0.38,0.72,2.56,0.51,0.2,7.2,0.33,34.87,21.52,19.35,9.48,0.07,1.97,1.93
14.01,42.5,0.33,0.82,6.11,0.23,3.11,22.9,1.7,11.06,38.89,2.56,6.19,1.78,0.54,4.91
13.45,37.75,0.36,0.8,14.7,1.3,0.6,6.84,3.32,5.73,33.49,6.84,11.55,0.27,14.36,1.0
13.37,41.71,0.32,0.91,1.04,15.69,2.2,40.11,2.18,11.64,15.96,0.97,2.1,0.02,4.16,3.93
13.19,38.38,0.34,0.89,32.97,2.36,1.17,2.59,5.12,8.78,10.22,21.74,8.61,0.36,2.59,3.48
12.73,42.39,0.3,0.81,0.53,0.52,7.01,14.43,0.55,0.73,33.84,4.43,14.75,0.1,20.34,2.76
12.66,41.04,0.31,0.87,11.63,1.58,1.58,13.95,11.68,10.6,17.67,11.84,13.0,0.76,1.56,4.15
13.12,43.45,0.3,0.96,1.32,2.44,2.83,38.92,0.38,5.12,1.58,28.06,1.56,0.53,15.16,2.1
13.31,41.59,0.32,0.84,2.42,1.49,3.0,28.03,3.94,8.28,18.48,4.68,13.06,0.25,5.1,11.26
12.85,40.37,0.32,0.79,7.93,1.05,1.21,7.83,4.59,9.05,33.35,6.83,8.13,1.62,5.7,12.71
12.74,42.64,0.3,0.87,11.18,1.31,0.64,20.32,0.5,3.39,21.84,6.43,26.25,3.97,0.24,3.93
12.91,42.32,0.31,0.84,25.49,0.97,6.35,4.84,4.82,15.48,22.09,6.57,5.91,1.58,2.37,3.54
13.68,45.5,0.3,0.97,4.38,2.56,0.58,45.59,15.2,2.99,13.41,3.96,6.96,1.43,0.34,2.6
12.93,41.84,0.31,0.81,4.58,9.73,1.81,2.48,1.08,4.69,65.06,1.01,0.39,3.31,5.79,0.08
12.82,42.89,0.3,0.87,20.56,3.96,2.89,19.43,4.45,3.86,8.82,3.75,4.36,1.48,11.17,15.27
13.52,45.48,0.3,0.96,6.43,0.06,6.1,33.56,2.0,1.99,11.19,23.09,3.8,0.35,1.88,9.54
13.72,39.91,0.34,0.91,38.03,0.9,4.12,10.32,0.09,0.99,6.83,11.95,19.62,0.38,1.49,5.29
13.29,43.27,0.31,0.93,64.32,0.69,3.83,1.81,4.22,6.19,1.96,1.73,6.31,4.67,3.45,0.81
12.66,42.81,0.3,0.81,18.41,0.37,1.98,21.15,0.04,18.79,9.92,0.33,10.69,4.43,7.67,6.22
12.83,40.69,0.32,0.83,40.66,1.96,7.49,2.4,6.92,17.81,3.49,0.49,4.25,0.37,7.59,6.57
12.9,43.46,0.3,0.86,1.65,1.85,4.66,33.35,7.5,9.26,10.76,1.93,9.93,0.23,12.37,6.51
13.12,43.48,0.3,0.91,3.33,4.94,0.22,44.71,4.02,0.72,3.54,2.88,7.73,1.55,19.95,6.42
12.91,40.74,0.32,0.93,9.3,8.32,0.13,17.34,1.32,0.27,21.23,25.91,2.88,0.69,10.73,1.88
13.08,43.21,0.3,0.84,6.56,2.16,0.13,8.27,1.9,2.42,54.52,8.48,5.39,4.48,5.3,0.39
13.23,38.81,0.34,0.8,10.57,6.14,1.1,22.68,0.91,13.98,11.65,1.55,5.95,0.16,6.03,19.28
12.74,40.74,0.31,0.86,21.22,5.18,0.75,4.96,13.68,7.87,27.55,5.64,1.07,0.99,10.27,0.83
12.88,42.35,0.3,0.83,16.59,3.62,1.29,15.12,5.4,4.15,19.26,3.95,0.01,1.74,9.49,19.38
13.3,43.0,0.31,0.91,26.64,2.42,3.54,15.56,2.85,6.21,16.62,10.3,11.6,2.24,0.85,1.16
13.2,43.67,0.3,0.95,27.06,0.26,1.31,27.26,20.97,3.63,0.54,1.38,8.58,0.77,5.02,3.22
12.89,37.45,0.34,0.82,15.1,3.9,0.55,15.17,4.59,16.03,8.57,9.73,14.31,0.06,8.31,3.69
12.79,41.66,0.31,0.78,0.68,0.16,3.31,28.14,0.48,19.89,12.61,1.42,10.24,1.83,9.96,11.29
14.23,42.68,0.33,0.97,47.62,0.92,2.82,11.12,1.06,3.01,9.91,20.45,0.15,2.05,0.68,0.22
12.68,41.42,0.31,0.84,30.04,2.75,3.42,10.96,3.78,6.73,3.68,0.26,11.97,1.79,1.53,23.07
12.93,39.85,0.32,0.9,25.66,11.67,1.4,19.39,5.09,11.12,4.92,4.29,6.3,0.56,8.17,1.45
12.72,41.5,0.31,0.89,22.13,2.78,4.08,3.42,3.56,11.18,18.2,24.72,1.19,1.11,1.02,6.59
13.2,39.27,0.34,0.92,42.66,5.89,3.41,2.39,0.4,6.73,4.36,19.98,5.2,0.51,6.27,2.21
13.21,38.67,0.34,0.85,27.92,4.33,0.38,15.98,5.3,12.81,2.17,4.9,11.29,0.77,1.21,12.94
13.04,42.63,0.31,0.85,2.57,1.59,0.09,36.34,3.23,19.76,10.54,5.85,7.2,3.17,7.68,1.99
12.85,43.26,0.3,0.94,8.1,14.1,2.08,31.73,1.07,1.26,15.89,3.97,7.88,1.43,6.5,5.98
13.54,41.23,0.33,0.77,0.28,1.65,4.85,3.52,0.73,1.62,59.09,6.9,1.05,0.46,0.15,19.7
14.12,44.27,0.32,0.91,13.95,3.33,3.79,35.41,2.64,1.25,17.23,2.0,4.63,0.83,1.95,12.99
13.1,43.11,0.3,0.89,14.45,8.47,0.91,31.89,2.23,5.96,10.51,0.27,2.12,2.24,13.04,7.91
12.87,37.35,0.34,0.76,12.11,4.16,0.71,1.31,2.39,25.63,33.46,11.73,0.61,1.63,4.88,1.38
12.65,36.58,0.35,0.72,0.66,1.01,0.27,6.02,0.0,9.72,34.36,4.46,18.87,0.74,16.83,7.07
12.6,37.7,0.33,0.68,2.22,0.52,0.47,15.81,0.12,37.62,18.26,3.02,2.91,2.5,10.84,5.73
13.55,44.18,0.31,0.89,28.75,0.59,6.0,14.79,7.27,0.27,17.42,2.81,0.58,0.51,6.76,14.24
13.04,42.31,0.31,0.85,29.15,2.19,6.48,3.51,3.21,7.72,20.21,8.25,2.72,0.88,4.37,11.29
13.41,43.55,0.31,0.9,17.61,3.19,8.06,9.19,1.69,1.06,34.95,12.52,4.72,0.1,6.58,0.33
15.07,45.86,0.33,0.96,10.62,0.44,3.54,56.64,0.44,4.08,12.17,0.13,1.89,1.67,4.86,3.53
12.73,42.73,0.3,0.89,14.87,10.61,3.04,25.0,5.94,15.77,10.35,2.65,2.05,1.5,1.18,7.05
14.11,36.74,0.38,0.79,25.88,2.14,1.53,23.27,0.26,29.41,3.14,1.8,1.51,0.12,10.17,0.77
12.65,42.67,0.3,0.86,7.3,3.67,1.09,32.12,0.59,5.22,3.82,3.11,14.08,2.39,9.69,16.92
12.62,41.28,0.31,0.87,20.8,4.23,1.07,0.23,3.55,7.79,31.44,19.11,3.78,2.88,3.56,1.55
12.72,40.43,0.31,0.89,40.53,10.5,3.22,5.63,4.19,1.81,7.05,0.23,0.02,0.8,19.5,6.52
13.24,43.29,0.31,0.9,6.74,5.95,1.02,24.43,10.43,4.57,27.84,7.49,1.3,1.05,3.41,5.75
13.13,40.0,0.33,0.78,28.45,0.72,2.86,1.37,3.46,14.58,24.5,1.54,3.62,2.01,6.04,10.85
13.0,40.93,0.32,0.81,11.79,1.23,2.72,13.49,5.77,11.11,21.75,5.33,5.72,0.7,5.76,14.62
13.04,40.72,0.32,0.83,20.5,3.01,3.68,19.34,6.36,13.26,4.06,0.9,7.96,0.12,3.55,17.27
12.63,39.47,0.32,0.85,38.92,0.15,0.23,0.49,11.6,22.76,3.86,13.35,0.82,2.54,3.58,1.71
13.29,42.98,0.31,0.9,1.39,0.93,1.94,29.19,5.58,4.66,17.4,17.76,3.73,0.49,5.59,11.33
13.26,41.29,0.32,0.85,30.34,0.53,2.8,6.35,7.46,11.27,20.55,6.04,2.59,1.64,8.53,1.91
12.55,38.15,0.33,0.87,36.27,1.95,0.62,6.52,1.54,3.0,3.82,0.05,39.38,3.01,2.13,1.71
12.67,38.69,0.33,0.84,29.53,13.03,2.29,0.25,6.09,9.62,22.59,0.14,3.62,0.46,3.48,8.9
13.37,41.48,0.32,0.78,0.49,2.02,7.77,9.13,1.78,13.61,51.01,2.02,9.74,0.19,1.42,0.81
13.24,43.87,0.3,0.87,10.79,8.51,1.02,25.9,2.33,6.54,26.97,0.56,0.1,2.98,0.62,13.68
12.84,42.71,0.3,0.85,6.57,5.62,2.7,20.01,1.24,11.71,25.28,9.07,1.82,2.1,8.27,5.59
12.62,40.4,0.31,0.85,15.12,2.93,3.6,15.59,0.58,3.03,12.18,4.86,26.4,0.97,8.36,6.36
13.0,41.11,0.32,0.92,19.57,4.13,1.81,17.96,4.41,6.38,1.32,25.29,0.75,0.01,0.68,17.69
12.52,40.23,0.31,0.88,10.46,5.79,0.72,8.23,9.72,0.56,27.07,14.24,12.15,0.29,8.42,2.34
13.06,40.44,0.32,0.8,5.31,0.98,3.69,25.86,3.24,24.13,11.79,2.74,12.91,0.91,2.9,5.55
12.66,40.7,0.31,0.87,13.25,1.2,0.91,13.99,12.21,10.69,10.18,18.06,3.32,0.09,5.67,10.43
13.72,42.17,0.33,0.84,14.12,2.71,6.3,26.55,0.83,25.55,15.42,4.39,0.5,0.83,0.49,2.32
12.76,41.84,0.3,0.92,25.4,13.41,4.71,3.5,0.01,1.72,30.76,10.36,3.73,1.29,4.88,0.24
12.98,40.56,0.32,0.89,22.12,2.05,2.03,15.59,0.69,5.24,10.51,10.13,24.38,1.92,0.99,4.34
13.4,44.03,0.3,0.88,2.28,4.19,2.5,32.15,7.95,0.95,22.48,0.28,4.43,0.58,1.14,21.06
14.03,47.06,0.3,0.96,8.85,1.39,5.58,53.0,4.7,0.48,0.85,0.52,2.53,0.97,2.63,18.51
14.3,34.89,0.41,0.82,43.84,1.22,0.1,3.9,2.11,17.17,12.87,4.0,11.61,0.42,2.34,0.41
13.33,43.21,0.31,0.92,0.61,3.42,2.3,44.02,3.37,20.2,3.05,14.64,5.71,1.62,0.87,0.18
12.75,35.84,0.36,0.78,30.47,8.69,1.18,1.42,2.46,18.29,8.49,3.6,4.3,0.09,8.12,12.9
12.8,39.61,0.32,0.85,42.19,8.93,2.96,1.91,0.79,6.63,6.2,2.71,0.38,1.38,9.95,15.98
13.35,42.22,0.32,0.9,26.41,5.45,4.87,22.15,7.2,10.09,7.21,0.62,7.66,0.28,5.43,2.64
